spl,treatment,week,rep,salinity,pH,temp,O2,NO3,NO2,PO4,Si,NH4,P,aCy,Al,BB.Car,Bca,bCy,BE.Car,Ca,Ca.allo,Ca.epi,Ca.iso1,Ca.iso2,Ca.iso3,Ca.iso4,Ca.iso5,Ca.iso7,Car1,Car2,Cb,Cc2,Cda,Ct,Ct.iso,Ec,F,F.iso1,L,L.iso1,L.iso2,My.iso1,My.iso2,My.iso3,My.iso4,O,Pda.1,Pha,Pya,Z,EPS.prot.col,EPS.prot.bound
C-R1-P1,C,P1,R1,"59,6","7,581","20,7","0,8","4,31","1,29","73,84","436,17","90,84","242,959","51,410179","56,9564053","169,05055","198,409129","38,2791869","10,6477356","75,9080255","6,71525617","11,9490551","1,0201038","4,43924568","0,42547043","0,74841786","5,86431531","0,41521813","13,6695373","9,58035946","0,29774408","0,86081034","0,35883048","13,7863709","46,0908757","69,2222317","24,0145984","0,31625898","30,201499","35,6926807","17,5250478","354,706967","49,4206348","92,0649177","41,0086118","26,8133231","21,9544712","107,177736","114,562422","145,925231","537,9380906","327,6542116"
C-R3-P1,C,P1,R3,"59,3","7,889","20,8","0,2","0,49","0,28","47,11","456,1","97,18","183,524","48,7635426","39,290052","188,384343","157,597681","34,8150321","12,6679276","99,7290356","9,10383414","5,04129119","0,40822163","2,48867643","0,18689665","0,39838496","4,05270628","0,21148831","9,97664657","14,6286784","0,2812784","0,89473867","0,39838496","11,0976181","41,4759464","80,0690661","46,7294009","0,82939629","19,448856","22,3633819","16,6464271","306,809906","64,3998141","79,7010754","42,7090151","19,6730503","68,363634","108,194547","97,4708395","123,979451","337,8941237","248,3726994"
C-R4-P1,C,P1,R4,"60,9","8,101","20,4","0,2","0,33","0,3","22,15","318,89","113,92","393,189","56,1600027","77,2005616","155,599383","234,976582","41,1766028","8,73587555","70,5347953","7,30339642","14,4417992","18,8141315","14,1360756","2,21285632","2,82915622","7,51691764","0,49983377","13,1063991","11,5579637","0,16911864","1,01862557","0,3348401","12,6086877","40,5911262","81,2611469","44,6293425","1,03789169","18,581224","34,8950963","17,0327887","380,140874","69,0712761","109,662402","47,0060726","26,4893044","56,4935113","98,8164094","101,272649","167,39692","663,4383631","385,3355838"
C-R5-P1,C,P1,R5,"60,4","7,989","20,8","0,3","0,47","0,42","48,75","478,29","95,53","340,331","55,0042477","50,577856","183,706981","230,050289","42,6236724","14,134175","81,7794394","7,56768177","3,35024773","1,02877382","9,29666814","0,51708004","2,1060239","15,5985811","0,33394752","10,0050856","12,2147978","0,3080385","0,90448782","0,26392627","10,8030372","40,7569131","65,3067645","30,8379917","0,64245816","17,4935546","26,2710223","15,2838424","313,165317","56,34766","83,7849193","55,9179937","28,0510682","26,8432758","105,905111","112,825643","134,546918","430,3313189","333,2243558"
C-R6-P1,C,P1,R6,"58,4","7,82","20,7","0,8","0,73","1,05","15,36","187,15","123,88","216,549","38,0943694","69,5298157","128,903164","245,97006","25,3191712","8,92487286","63,2728495","6,39957078","6,60682387","0,49538542","2,88637829","0,32351701","0,4650557","3,9226437","0,22241794","9,90814276","8,64082217","0,28457463","2,26361237","0,31846205","8,29518928","45,9115685","81,4784226","65,6582922","3,38894922","18,9522033","42,743267","17,5696717","215,502105","49,4255028","104,265921","28,7451351","19,989102","28,5380405","96,4388954","120,647026","125,291921","312,4758072","290,3899383"
T°C/pH-R2-P1,T°C/pH,P1,R2,"62,2","7,959","20,9","0,7","2,26","2,71","9,79","140,17","110,88","306,499","46,0781888","43,8562359","242,555009","215,06119","45,1834667","19,8743426","124,494824","13,0416629","5,62351418","1,12470284","3,24207818","0,25428064","0,80196202","6,08806536","0,17604044","11,3680713","8,86040852","0,3146161","1,64231377","0,42543107","17,720817","46,252447","78,9073953","40,4466298","1,18664901","18,4452529","25,9682413","17,4421878","488,548437","57,6205183","119,75483","85,4277123","24,6308212","21,323917","93,2921368","127,372326","140,039035","1414,40376","951,9134605"
T°C/pH-R3-P1,T°C/pH,P1,R3,"61,3","7,947","21,1","0,4","0,32","0,08","12,09","277,05","120,95","285,54","60,927429","76,4466351","153,324964","290,04102","26,1987945","9,52412288","89,6634149","10,4765539","13,0872162","0,27123764","4,94039991","0,34873411","0,3971694","6,56782577","0,41169999","13,1366781","7,56186932","0,4155006","1,96559876","0,37779529","10,3768718","78,9304608","101,925479","73,350999","3,8647729","31,3513998","39,7964071","16,0620728","241,151876","56,5760296","114,697551","28,3156129","32,289734","38,2822079","150,677262","165,198099","152,61729","1025,932002","552,3983399"
T°C/pH-R4-P1,T°C/pH,P1,R4,61,"8,129",21,"0,3","0,91","0,19","24,34","361,92","118,61","392,918","30,1276066","46,5190445","119,001487","231,919314","10,4839657","9,08714328","71,1955696","7,04959181","6,552598","4,1641326","7,74924329","1,17251938","1,05671499","5,27392461","1,15804383","8,46800573","2,36444316","0,26301594","2,09319837","0,41496571","10,8324489","47,5637984","94,0211617","60,1930682","2,67921668","37,5561553","38,7108833","22,4347165","198,503251","39,2057668","114,208103","42,1200804","24,5242244","26,4893849","166,638897","146,537023","136,917755","708,5924604","298,0058117"
T°C/pH-R5-P1,T°C/pH,P1,R5,"62,1","8,019",21,"0,7","1,12","0,38","44,66","363,08","89,68","165,389","33,2636722","54,1799962","195,217849","229,713486","15,5421641","11,3199962","93,8836163","10,1155584","15,2962089","4,42837784","7,2870136","0,98296949","1,01306039","5,25587767","0,26078782","12,7448725","12,8591763","0,3674822","3,64940655","0,43631809","19,545948","33,9482254","82,6332349","75,7025215","3,60979326","39,6634149","33,8910735","18,6886696","377,431112","62,6956285","99,7300562","41,263668","21,5462643","19,9169642","85,3305232","98,2179707","143,565559","1805,83239","528,5728013"
T°C/pH-R6-P1,T°C/pH,P1,R6,"60,5","7,873","20,9","0,3","1,02","0,68","25,13","273,39","120,84","306,861","33,8665889","44,7144792","137,286263","202,266032","13,7404847","9,59657562","64,9488089","6,2221627","4,46220803","3,10110994","5,78840616","0,70797044","0,76779892","5,68370631","0,22934254","8,18155655","10,2269457","0,19602792","0,64885053","0,25427107","6,8179638","37,66925","54,1106018","41,1971364","1,8250598","23,976506","28,4649988","11,1928239","231,583504","40,16917","59,0322032","32,5557771","21,5334023","33,0000581","66,7765882","104,435478","99,5422714","646,8074445","305,7585615"
T°C-R1-P1,T°C,P1,R1,"61,2","8,105","19,9","0,3","0,51","0,24","38,58","333,12","104,08","293,204","21,7473734","41,5180113","70,0222885","36,068989","11,8783208","3,50648149","39,1456398","3,78278658","4,47009616","1,40045787","3,15232215","0,45992897","0,46509671","2,70272866","0,12402579","4,77015449","3,53344777","0,16624238","1,22937568","0,36690963","5,94797041","26,6775307","54,512866","35,1345121","2,50808979","17,1372217","18,3150376","9,36363659","126,320758","18,3150376","46,4059474","13,5448831","10,7770157","8,65183484","47,4844889","56,7399401","73,1423688","430,7633504","456,5991765"
T°C-R3-P1,T°C,P1,R3,"61,7","7,603",20,"0,7","0,42","1,36","47,67","422,13","95,87","286,287","13,4332212","17,2692264","42,4269405","38,3163468","7,90873627","2,39421739","20,737537","2,04425941","1,20519771","0,137301","0,65090847","0,05593745","0,08136356","0,87974348","0,06102267","1,27490933","1,79646315","0,04998516","0,27041357","0,137301","2,83957078","13,4444984","15,8468214","10,9179417","0,77387709","9,67772083","11,6480353","5,09963732","83,0429578","8,69256362","17,3271768","10,6049276","6,43249708","6,73174839","27,3229788","28,3129418","40,5652969","277,7373849","217,4167"
T°C-R4-P1,T°C,P1,R4,"63,5","8,156",20,"0,1","0,43","0,33","68,32","464,36","89,01","214,999","8,12401225","12,171595","33,2780644","33,8075832","6,4992098","1,89966525","17,4713182","1,73929275","2,72897483","0,08329008","0,3625568","0,16658015","0,16658015","0,51933812","0,07349124","1,45165812","1,22832611","0,05253685","0,18511561","0,13228424","3,57331231","11,222434","14,8290729","8,90690702","0,74560081","9,37994481","8,70994875","6,02996452","108,762693","9,65910983","22,2215359","12,6182591","3,34998029","5,53198939","24,2262983","19,457342","41,5955886","191,8929685","215,4621774"
T°C-R5-P1,T°C,P1,R5,"60,4","7,951","19,8",1,"3,09","2,79",6,"77,71","82,42","263,405","17,4460866","34,7709416","48,5616007","48,3206836","7,31238612","2,99806006","30,2601888","2,83972487","2,35636745","0,15608417","1,15804383","0,16615411","0,16111914","1,68671601","0,16615411","3,27053412","2,63937841","0,13947531","0,98641606","0,24671369","4,18857878","23,12325","45,9886117","29,4066681","1,90522075","14,5165812","17,8444932","6,82795719","73,5009509","11,4755583","36,8365421","7,80337964","8,0902686","8,23351834","46,0684955","47,4407486","60,7057034","250,4845738","365,9919641"
T°C-R6-P1,T°C,P1,R6,"61,3","8,184","20,1","0,1","0,43","0,71","43,04","408,88","96,89","450,307","26,8715236","23,5647804","103,68062","53,5579122","23,8732273","5,13779089","48,3963381","5,06571095","13,2430744","0,60353197","4,61058848","0,22261425","1,16254109","7,37100519","0,10883363","7,55425976","5,58113221","0,1326173","0,65073361","0,23250822","9,92201281","19,5057752","34,9961691","13,3679907","1,01735089","14,713894","11,8387653","12,1206407","291,459126","28,638537","45,4946838","32,6411672","12,5152662","12,519668","41,79643","38,329445","92,0041188","871,7396654","771,3979724"
pH-R1-P1,pH,P1,R1,"61,8","8,063","19,9","0,1","0,54","0,17","42,26","459,77","92,01","314,534","33,3965338","37,6442007","69,6398897","34,6229274","9,45845888","2,61591464","26,1815376","2,47111236","8,19449452","3,94663194","4,35508026","0,61777809","0,67904534","2,36389468","0,16337933","5,17825944","4,2473364","0,15968115","0,21434005","0,15827373","6,22554787","23,7385377","39,9587166","17,4925228","1,40696162","20,8294032","19,2584705","9,71650929","170,882562","21,8185089","41,4260755","12,1019996","16,9893456","18,2883265","46,5159608","48,7026085","87,564949","338,1747635","357,8236213"
pH-R3-P1,pH,P1,R3,"60,6","7,97","19,7","8,5","0,45","0,49","20,91","373,91","116,97","356,643","19,1176539","34,5660049","99,0459761","40,2945654","11,7338894","4,64386312","43,2758022","3,5887983","3,18837451","10,5912095","8,02849718","1,38646741","1,95707132","3,83906318","0,15015892","5,36172353","5,87508003","0,16996206","0,84051618","0,1952066","7,98554568","20,7053791","35,7672667","13,6490913","0,88523518","19,2223492","19,10827","11,4079224","250,061659","23,8995974","44,4338577","24,98335","11,6360808","19,8778346","45,7969719","45,017449","88,5825174","310,7032556","485,6270421"
pH-R4-P1,pH,P1,R4,"59,9","8,047","19,6","0,5","0,99","1,6","30,46","208,19","107,87","300,072","35,3452081","9,11506264","102,454122","44,4471968","33,0302663","3,79459711","39,2029256","3,44630253","2,8390028","0,20243324","0,93810527","0,15799668","0,20737064","1,19978727","0,06418615","4,72632878","10,4654423","0,07059216","0,69092819","0,20737064","5,00765787","11,478227","32,9829708","7,55442182","0,58891998","7,14575899","5,57031606","4,83886042","171,329418","25,8260108","21,4935428","11,3094296","11,6470245","15,3789601","27,1054171","26,5287061","56,6034137","324,7502339","372,2209552"
pH-R5-P1,pH,P1,R5,"61,6","7,866","19,9","1,6","0,62","0,35","40,54","370,04","100,11","178,426","37,3929557","32,0622129","125,735295","40,3738854","25,23451","6,56281989","53,0452462","4,42336269","3,23978719","0,5466514","1,56974209","0,10531816","0,31093933","2,16152984","0,17051512","5,82949326","5,14367052","0,18822259","0,70180895","0,25577267","10,1730373","21,3176567","42,3944423","17,3888898","1,11387906","20,5175302","20,4603783","10,4016448","275,014917","26,1184159","49,2649332","30,8620231","14,8594926","9,95848211","49,9876749","62,0940649","101,558917","269,038203","376,8826085"
pH-R6-P1,pH,P1,R6,"61,3","8,046","19,6","0,1","0,87","0,46","38,01","424,42","108,01","226,973","9,25930979","29,6208783","30,3160863","23,9291424","3,77449571","1,32119575","12,9035151","1,06239972","2,5270673","6,93654189","6,35376922","0,90768132","0,88189492","1,95976648","0,10830288","2,9385792","0,99911693","0,05991045","0,31754724","0,12893201","3,11489395","9,87362611","14,8706368","9,01508808","0,80605493","18,92445","14,9867539","7,05259008","87,2170307","7,64030592","20,0998817","15,0455255","6,17101632","15,6622567","29,3165318","29,1157336","46,7821809","240,5144332","166,476281"
C-R1-P2,C,P2,R1,"60,8","7,913","19,8","0,2","0,42","2,1","34,11","312,12","117,95","288,514","41,8806839","29,6002165","117,96582","40,8477938","32,7192843","8,13082167","47,774284","4,57789201","4,13005475","3,60260198","7,04099696","0,82103498","1,51269475","5,94130768","0,13435118","5,72724495","8,8460417","0,08448309","0,38297934","0,18411087","9,58321184","19,4499507","34,1318205","16,4957883","1,22797431","15,197046","15,9909215","10,7173197","227,785574","22,3986312","50,8647398","35,0439344","12,475187","23,4424011","58,5091334","52,3094901","88,0067738","537,0408725","183,9142299"
C-R3-P2,C,P2,R3,"60,9","8,037","19,7","0,8","0,25","0,67","31,98","295,95","128,1","312,274","20,5442494","28,4345406","71,7228546","53,3293693","17,2403496","5,31010992","29,411448","2,95217606","3,00470589","1,33425751","2,85762238","0,38346771","0,36245578","2,91015221","0,12081859","4,84883745","3,77131802","0,14082043","0,4778089","0,10505965","6,82428974","17,7790706","31,4221117","19,423431","1,57720852","16,8212756","14,2472014","8,20112013","169,529724","17,8389328","39,3893215","25,0822579","10,5956078","13,9076534","46,0179707","44,7908248","67,4646889","122,9066845","150,8351847"
C-R4-P2,C,P2,R4,"59,8","7,941","20,1","1,5","1,43","1,78","4,31","116,88","116,83","203,65","19,8181598","57,1660719","59,9614714","45,6220126","13,0427206","4,68342165","25,8176446","2,98712469","3,24386929","27,8716014","24,9239759","4,22641112","3,18462053","5,21882776","0,13824709","5,12018951","3,31968331","0,17648039","0,45601261","0,11356011","4,72632878","17,5549355","35,2820519","23,1506475","2,13229648","21,6060744","22,675125","8,66493609","101,672335","15,8106951","51,4269584","40,2300604","9,00253101","28,6433131","50,1738572","45,1756952","65,831008","232,2985656","220,0381067"
C-R5-P2,C,P2,R5,"63,5","8,127",20,"0,2","0,38","0,15","48,3","374,76","111,13","296,253","42,8446894","22,3785025","113,066138","49,7997973","37,2305577","7,33498679","35,6057371","3,93781882","7,52423123","0,44442575","4,83183805","0,25321932","0,64079991","7,4828893","0,12402579","7,06689554","9,30474579","0,12006394","0,57852973","0,25321932","11,3659237","13,7215555","34,9844878","12,689234","1,10525991","13,9571187","8,59805624","10,0703261","273,901093","21,5540314","56,8885091","31,5654667","13,3682107","19,5169297","36,619394","45,4724343","89,8084641","175,3525771","215,8447179"
C-R6-P2,C,P2,R6,"60,4","7,944","20,1",2,"2,02","0,69","9,44","103,75","124,31","290,302","19,7154398","44,249338","60,676485","43,8220439","11,2325354","5,98617978","34,9412984","3,43785542","2,81372095","0,29160381","1,1817628","0,12278055","0,04655429","1,37616534","0,1637074","5,65505374","3,96436757","0,22400252","4,36699916","0,09208541","4,78056089","15,3910741","34,358371","53,782316","3,59811269","29,0331625","24,0194035","12,3594989","128,433849","24,0194035","45,5902271","17,0817603","7,40403943","10,5568223","53,7800381","58,5604859","78,8209552","200,3491717","88,32136566"
T°C/pH-R2-P2,T°C/pH,P2,R2,"67,6","8,111","20,8","0,3","0,4","0,12","47,95","452,06","104,42","234,169","14,5370346","33,7217477","82,0631788","41,4177288","15,0195917","5,00340698","31,743348","3,32308229","4,44132586","11,3301282","12,4061739","1,90945364","1,67209061","3,34418123","0,10549468","6,0711168","3,00550336","0,08955558","0,53145682","0,07384627","5,59023626","19,4756618","31,552224","12,3010992","1,30170362","19,2352215","15,207847","9,19684029","193,734747","16,3499383","40,3338551","42,6180377","10,699592","17,8672949","38,4044155","44,7709229","76,2195653","149,4862637","159,5468711"
T°C/pH-R3-P2,T°C/pH,P2,R3,"65,4","8,045",21,"0,1","0,16","0,1","19,62","322,75","136,29","275,396","21,5390423","36,5456345","106,456227","47,9617398","17,571324","6,52052968","53,8089346","5,55635738","7,63317606","0,27261343","1,95786009","0,1883511","0,24783039","3,23170831","0,26270022","7,96435002","4,17987164","0,18159626","3,53744482","0,16356806","6,21332271","18,6399681","34,709174","27,1141825","2,18136656","16,2676086","19,3177852","11,8053132","170,414497","14,5165812","42,4765335","34,5686682","11,9747674","15,2458154","77,5799719","69,0886317","87,0994875","473,1216656","103,1945659"
T°C/pH-R4-P2,T°C/pH,P2,R4,"66,6","8,085","20,9",1,"0,79","0,14","26,79","244,59","134,04","231,631","19,8275701","60,0249114","136,323058","49,3142908","24,6833016","8,04988532","52,6675577","5,54022874","7,50155059","14,477386","24,0464125","3,72550053","1,97143176","7,4459461","0,18703327","9,62011535","4,32041109","0,13551173","2,40508814","0,12131888","8,29518928","20,5075513","45,2657904","41,4990346","3,01470943","25,864861","21,8324774","13,3068661","288,257828","26,4409158","71,0275583","57,2022428","15,5534799","18,6973369","68,2944831","70,6562519","100,233537","205,4799072","122,927385"
T°C/pH-R5-P2,T°C/pH,P2,R5,"64,7","7,946","21,3","0,4","0,08","0,29","28,9","221,06","120,73","233,318","21,2927164","49,7385416","89,2384144","54,3877386","21,6933857","6,27268078","37,4746624","3,92915853","5,58591201","9,65021357","13,309086","2,04216138","1,06612837","3,25344337","0,22523839","7,1299515","4,67724818","0,17443474","2,87176363","0,12012714","5,81804042","18,823072","48,8550385","35,6358628","3,00568225","29,7746775","22,1313694","10,438249","183,610511","24,9263104","55,3284236","39,984768","10,8375263","18,3187888","52,4229168","50,4741095","96,8532611","323,4802514","153,5024519"
T°C/pH-R6-P2,T°C/pH,P2,R6,"65,2","8,038","21,2","0,1","0,2","0,2","31,53","288,94","128,31","214,72","9,02189159","30,1784549","46,5870286","28,4968134","10,2286414","4,00112643","18,6177816","1,78389","1,47736242","11,2359945","17,8941755","2,50247105","1,69846428","4,23108558","0,11055093","3,49314184","2,86323102","0,11674857","0,4852033","0,05527546","4,63843425","11,6247179","24,74887","14,7363376","1,17808029","16,5494753","12,9418042","8,99054539","126,66934","10,6512194","35,1032122","34,1297137","4,2375819","13,8911139","38,1516509","30,5213207","53,1415676","431,5458959","140,5837839"
T°C-R1-P2,T°C,P2,R1,"64,7","8,092","21,4","0,7","0,13","0,09","29,01","271,56","124,63","272,323","30,5138579","54,3821926","128,289082","45,350559","20,085071","7,51693837","56,0830976","6,6925283","6,03630346","4,1641326","8,29931411","1,18216974","0,72377739","4,17378297","0,17370657","9,45777263","7,75317408","0,163846","5,33427971","0,37153906","8,02810933","36,6213754","71,6392859","59,2999959","5,14012682","27,7684603","24,3042762","14,9564776","198,998135","27,438538","73,6826472","35,9065438","19,6303769","15,0294382","74,5835873","99,1942924","103,980512","488,2142758","171,1512124"
T°C-R3-P2,T°C,P2,R3,"65,8","8,177","21,2","0,4",0,"0,51","64,19","437,57","98,17","241,075","12,5645481","17,1683861","58,7659425","19,4076911","13,0034843","4,88332026","23,6873395","2,37497124","1,0171594","1,24745964","2,61006941","0,35984413","0,25428985","1,82321025","0,07196883","3,28058333","2,78849583","0,06002327","0,6042694","0,18232102","4,15540556","10,2791611","20,2790741","11,0904658","0,90776055","8,58419305","7,16260694","7,10793055","134,777299","10,4431903","31,6576292","32,3684222","8,03742917","9,34032885","35,1196365","40,1634141","49,3727792","619,2152484","124,7619579"
T°C-R4-P2,T°C,P2,R4,"65,3","8,147","21,4","0,7","0,47","0,91","33,63","299,45","124,56","268,665","6,29166761","13,217432","23,4395883","13,95608","5,15803381","1,33842451","13,1151843","1,21436892","1,05080086","1,20941231","1,58611451","0,30730969","0,18339449","0,758361","0,05452269","1,69454256","0,67781702","0,03897676","0,36761681","0,14869823","3,21963086","9,48943833","11,9839859","11,2941783","0,83585074","9,03756031","6,66520073","5,25308193","74,1644793","5,70495995","18,3010596","12,9350082","3,95393264","4,63164011","27,7898407","22,9652156","32,9870951","222,9760666","142,8797562"
T°C-R5-P2,T°C,P2,R5,"65,7","8,155","21,4","1,1","0,08","0,16","25,25","298,36","136,56","279,539","16,0490779","37,0576834","47,7390512","20,3619702","7,04593663","3,31803335","41,1396738","4,21519063","5,4719238","0,70416178","1,71639433","0,28851073","0,13692035","1,53546387","0,22494057","4,01226046","1,89467855","0,10050236","8,14313912","0,2787307","3,95653462","15,3803318","39,9353743","70,1128551","4,76670874","11,2566196","16,8849294","9,36194107","82,9200495","22,6804168","40,4012338","17,2750103","5,96266485","7,80607676","47,9788132","53,1194004","57,8434216","174,0708121","129,202214"
T°C-R6-P2,T°C,P2,R6,"63,8",NA,"20,6",NA,"0,21","0,12","26,08","267,86","128,04","226,635","21,153129","26,6415418","66,436295","28,8392516","17,0787796","4,15649251","23,8565903","2,55257707","4,27544458","1,0639805","3,08456732","0,33188383","0,46366123","3,67024466","0,18546449","5,22819401","4,5051459","0,11775502","0,88788244","0,19522578","6,17371846","14,6278194","27,1844484","23,6473664","1,94719401","19,2442035","14,8502958","10,4007689","170,472496","16,1851538","41,1581231","33,3714511","7,56419559","10,2614785","40,0957772","40,0957772","73,2503353","202,7575825","146,6175276"
pH-R1-P2,pH,P2,R1,"62,6","8,241","20,3","0,3","0,22","0,17","27,97","296,62","121,83","250,123","20,2353634","42,3070792","50,5855829","26,5362085","14,5671944","3,39753915","18,2056206","1,99255635","4,15363736","19,8462578","21,4621119","3,19205544","2,70135127","4,04459199","0,11400198","4,12338689","3,10666136","0,06200848","0,39536148","0,08426233","7,1735635","13,7257947","27,4300122","12,231962","1,06010338","13,217432","15,250883","8,98107556","143,132361","11,0145266","43,3238047","38,0142381","7,23004825","22,1932755","29,3337207","38,7899859","65,2963732","388,9067346","274,5787282"
pH-R3-P2,pH,P2,R3,"62,1","8,123","20,3","0,2","0,41","0,43","21,8","287,05","128,3","161,455","16,172797","40,6697006","38,9205678","40,0897055","11,0932542","2,79266563","10,9157815","1,08238806","1,23045058","22,8680006","18,2882737","3,05825683","2,97146156","4,00789919","0,17869614","3,25823066","3,20004797","0,11862029","0,70017749","0,03880259","3,84005756","14,3129418","19,8422002","9,57573878","1,11296964","19,2584705","19,0257398","9,30923046","89,1940643","8,96013432","29,9059029","31,3604701","6,0509998","34,3900052","31,606999","36,1790806","56,553575","351,8628509","253,8283592"
pH-R4-P2,pH,P2,R4,"61,6","8,136","20,1","0,2","0,32","0,63","22,81","265,34","136,83","198,923","11,9999067","20,1219938","55,6088712","29,209875","10,4999183","4,75050658","23,7415037","2,38625824","1,76068525","3,20858401","3,96532553","0,69620219","0,38846064","1,28141563","0,10089887","3,21951901","1,78223374","0,05860547","0,84717374","0,19675279","4,02439876","12,4756362","22,136316","15,7284462","1,16199602","10,1184883","10,8083852","8,04879752","110,03856","9,42859139","28,2282827","27,9983171","6,55402084","8,64267102","35,3563815","42,4276578","41,6812729","390,2367997","98,48356452"
pH-R5-P2,pH,P2,R5,63,"8,075","20,3","0,1",0,"0,61","36,84","338,98","114,03","225,62","36,7635077","40,4370802","103,261148","54,0638182","26,7571996","6,76134581","30,7270559","3,46138642","3,06013631","4,24454926","7,74461039","1,14573824","0,99587375","4,18170286","0,1498645","7,05169791","5,23368204","0,1641569","0,87945851","0,23688259","7,6577032","18,4005242","36,623546","15,4098737","1,80941743","25,7827705","19,2819865","13,8279389","222,679398","17,9597931","56,1932177","47,048047","12,3404713","19,1988953","51,0088297","65,6903379","93,9308198","297,5759443","182,5130015"
pH-R6-P2,pH,P2,R6,"62,8","8,22","20,2","0,1","0,02","0,27","62,25","378,64","127,11","232,576","17,1378757","43,2847352","94,6750002","22,5431181","15,0104153","8,1221561","39,3678527","4,52694132","2,48568353","25,7301836","33,7453502","4,89901868","2,63554803","5,74136051","0,12402579","5,12349926","3,76901095","0,09697472","1,3016919","0,32039996","6,71355076","19,3750719","32,8558021","16,5363886","0,78643494","17,7850204","14,4282451","12,4848488","190,688398","14,5460266","50,7049755","58,7730145","11,0714697","29,1747919","58,5507892","62,373693","75,2035467","258,9739846","209,1866702"
C-R1-P3,C,P3,R1,"61,6","8,055","21,5","0,1","0,1","0,11","33,89","326,89","116,41","223,372","15,8275351","32,0708374","49,1925387","76,2330156","16,1792582","4,64951123","24,9694754","0,9790946","1,15338369","13,0973126","19,5972705","2,81425621","1,92743231","4,69042702","0,10764914","3,50500956","2,9208413","0,08245221","0,93254453","0,45622733","7,53577055","8,11993881","18,9121747","16,1292079","0,84335728","17,2329637","9,11302485","6,71793498","167,30579","9,87244359","33,3560076","43,2284512","8,29518928","12,1747522","35,32674","43,9089423","63,3238393","392,9123784","188,9770843"
C-R3-P3,C,P3,R3,"62,3","8,047","21,6","0,2","0,09","0,11","17,89","140,73","131,32","175,455","14,2078518","25,1767652","58,7099037","59,0484255","14,6501196","3,748865","35,9771476","1,49381062","1,17474427","2,05459389","3,81429313","0,57528629","0,43025613","2,20929273","0,07251508","3,63603174","3,47075757","0,12959755","7,37392132","0,43509047","6,88642374","6,72114957","19,913512","53,9246162","1,9684871","11,3488263","9,20026212","6,72114957","158,55302","20,2736315","31,7326406","23,6342063","8,04334293","9,41122319","38,3977906","30,8688121","56,3584919","519,050908","142,9988415"
C-R4-P3,C,P3,R4,"61,4","7,909","21,4","0,8","0,02","0,14","9,75","232,52","111,33","228,774","14,8178727","56,9005575","52,34587","83,8409637","11,8654394","3,743809","31,8096705","1,6806028","1,56856262","40,2419124","34,7032301","6,37654803","4,20881398","4,88592641","0,13639675","4,05242995","3,33076434","0,25682452","2,72672236","0,46277469","6,77255416","8,16037263","27,7431692","32,3177168","1,64293415","21,8720192","15,0439523","7,27216881","125,625328","13,822672","42,2451944","42,3007071","8,27139811","18,7767399","41,1570965","38,3121359","62,0632422","808,7816538","236,4299439"
C-R5-P3,C,P3,R5,"64,8","8,137","21,4","0,9","0,16","0,12","41,56","197,86","112,26","266,217","18,6604556","21,714886","29,8126332","70,7656593","13,0623189","2,55120333","16,0441709","0,77378383","0,97907342","0,3105663","1,69495506","0,17897041","0,23160877","2,28976848","0,08422137","2,69936428","2,63937841","0,09407426","0,95759222","0,37899616","4,1990111","8,15807872","17,6289678","17,2335877","0,86600943","12,5370474","10,4975278","4,07903936","96,277326","8,57797983","23,3944904","18,5956206","7,49823412","7,99292852","23,158998",0,"45,1693623","382,6378871","225,8051255"
C-R6-P3,C,P3,R6,"61,9","7,91","21,3","1,4","0,43","0,13","11,86","151,8","131,32","246,464","8,16433927","40,5126855","37,2432314","70,9760103","9,89786336","2,94560103","26,166456","1,36920345","1,44744365","1,04646264","2,2983058","0,32274081","0,18582047","1,67238422","0,08802022","2,78629199","2,84201783","0,2053744","2,46347066","0,396091","3,45500206","11,2008938","26,5360053","37,6710779","2,01126951","21,5659","14,60017","6,79855245","74,6168994","12,9841207","36,5561509","14,934525","7,41153668","8,3772531","34,8417572","35,7937178","52,2708377","155,4931629","119,2261284"
T°C/pH-R2-P3,T°C/pH,P3,R2,"83,2","8,111","23,9","0,1","0,13","0,22","46,3","346,57","106,65","322,01","9,75159294","50,028218","37,3933516","56,7795261","9,14964276","3,06144399","15,8652005","0,90537972","0,86853287","31,6251242","32,6041976","5,50070819","3,5057145","4,95853313","0,1473874","2,57939254","1,73959031","0,07996312","0,25044719","0,4000515","4,67889809","14,5765671","18,5716934","14,5489585","0,93096014","24,9541231","17,2159455","7,07833301","102,815786","6,53846015","37,3711988","38,0910293","6,05857317","14,7561757","29,1024577","30,332139","55,8468477","678,011049","127,4547095"
T°C/pH-R3-P3,T°C/pH,P3,R3,"68,8","7,924","23,1","0,6","0,17","0,31","13,97","177,08","126,83","326,898","12,9670102","37,0062848","47,5404591","76,9237329","10,2080718","4,17607687","34,5000558","1,88182122","1,2497223","0,16888139","1,1676942","0,11580438","0,07237774","1,60678581","0,15923103","4,12402876","2,58439136","0,1293521","4,65905443","0,18335694","4,56392517","12,5370474","24,801538","38,2631835","1,70676026","20,4551827","14,1866589","5,99358847","92,6531796","12,7020086","36,5114013","25,0191078","10,3925525","7,7025871","54,1059777","50,1607501","57,6264286","731,8804036","276,4465294"
T°C/pH-R4-P3,T°C/pH,P3,R4,"71,4","8,034","24,1","0,6","0,21","0,13","34,86","201,99","120,02","260,29","14,93491","45,4383087","46,1031102","67,0945274","10,2960364","3,97322495","33,4317135","1,99858127","1,77596702","17,0176227","27,2776662","4,92224843","1,99858127","5,1695976","0,11378062","3,72075481","2,64962842","0,15472019","4,01516485","0,23250822","4,79188119","10,2602633","23,8328342","35,54624","1,93296669","31,5136657","14,0937682","7,27238439","97,4725009","12,7971415","37,4330483","32,3029167","9,41463716","15,2162118","46,0338561","42,1816506","59,3629517","989,5160875","174,6057368"
T°C/pH-R5-P3,T°C/pH,P3,R5,NA,"7,997","23,1","0,1","0,14","0,16","33,71","210,61","110,68","306,58","23,3635387","54,8838437","83,3817353","102,588528","23,139428","7,05589948","38,5486067","2,28312795","2,17044138","21,3124605","30,2636939","5,17378351","2,48400402","6,02138251","0,91619083","6,75579358","5,47163447","0,15761056","3,70231215","0,22047373","9,93827485","13,0649231","41,767093","44,3330214","2,29725656","35,9006221","19,5415517","11,780764","206,693784","19,8207167","58,233824","60,9138082","12,3390941","17,1682429","49,9786627","54,3661026","102,062733","439,072209","250,5855941"
T°C/pH-R6-P3,T°C/pH,P3,R6,"69,9","8,058","23,8","0,1","0,29","0,37","36,1","251,7","116,45","272,076","13,8151595","40,3577613","45,6002682","66,0682248","11,3640828","4,31718515","27,5277868","1,48087899","1,02784693","20,5082255","29,2863306","4,79824279","2,50385461","4,77388623","0,24356562","3,16422612","3,16422612","0,07400029","7,02131007","0,18510987","4,99614651","8,49344907","25,9110731","48,0658417","1,84329197","22,3161211","11,7687007","5,93986307","108,971507","15,2104905","35,6946912","35,306102","7,27216881","16,5007714","42,6744088","33,0015428","52,3485129","311,6001595","170,7818658"
T°C-R1-P3,T°C,P3,R1,"70,6","7,963",23,"0,8","1,86","0,15","24,47","192,28","124,02","434,686","24,4905773","63,1347329","79,0943571","157,398563","16,8061749","5,08774536","46,762557","3,88197387","6,31364617","8,69697509","19,0521283","2,770076","1,10222919","5,80604062","0,22721391","6,06005289","5,72950455","0,30671421","6,56211346","0,24171693","8,70443961","23,6892977","57,3162824","73,0726271","4,23522981","40,1616233","29,0331625","15,535772","156,56973","27,9864261","71,7840811","38,288516","11,7344661","24,8456292","66,4432357","72,0899696","94,2062768","351,4303098","175,5546633"
T°C-R3-P3,T°C,P3,R3,"71,6","8,124","23,1","0,1","1,59","0,2","43,02","293,97","116,58","344,001","6,3640248","16,1747879","20,6798657","51,0232615","5,83855486","1,83821029","8,82758942","0,83221346","2,04734723","4,31423543","7,72477894","1,16407773","0,6279893","2,10350887","0,05616164","1,51274995","1,33820188","0,0200742",0,"0,07658406","1,86184609","6,98192284","11,7955937","9,95372846","0,81897766","9,01831701","6,10918249","3,78187487","53,0044309","5,06189406","15,9420572","14,4874899","4,59643254","6,36115703","18,8846849","17,4931818","25,4840184","572,5542474","131,7006386"
T°C-R4-P3,T°C,P3,R4,68,"8,115",23,"0,8","1,55","0,17","24,32","230,99","131,86","254,196","11,8285618","30,4267543","54,9301775","93,7596974","12,6443247","5,82111707","26,7304309","1,79867368","1,34008832","15,7192869","20,7586305","3,61263353","1,95663085","4,08650507","0,12228943","3,54204582","2,43878565","0,14570221","2,63824022","0,13757561","4,645306","11,0326017","22,3576792","26,6788062","1,59276455","22,1232698","10,6261375","8,18735182","133,088017","11,9035966","37,8592439","42,0400193","7,02602532","14,2839781","61,5004613","38,4873855","55,6275393","246,0903463","120,4975511"
T°C-R5-P3,T°C,P3,R5,"70,6","8,049","23,2","0,6","1,63","0,19","33,47","249,77","123,39","257,883","21,6300765","71,8130875","69,0556072","122,465644","13,6291554","7,21626084","47,2530134","4,1930837","3,75399208","3,1942709","6,86623487","1,03258908","0,56454637","3,5272085","0,26538504","5,22376977","4,17901581","0,2112751","4,52400938","0,1930073","5,00382157","23,9743539","62,3063029","53,1080285","3,23490607","36,126492","25,6239654","11,2723453","107,224748","18,8605582","67,5240976","34,1469582","12,5370474","15,4051742","76,4622671","79,8438907","84,1851738","528,3316919","109,8195567"
T°C-R6-P3,T°C,P3,R6,"66,7","8,061",23,"0,6","0,23","0,12","21,13","150,12","131,44","296,537","28,7702089","38,4084546","76,4756606","149,025381","20,6975554","6,94565105","34,1656706","2,56361953","4,1824683","4,55400736","9,36809207","1,38000223","0,85453984","4,56993046","0,76430893","6,04857552","6,59294732","0,21817388","3,8622886","0,13800022","5,86711825","21,7748719","36,4072752","38,5747664","2,55418657","33,6300799","18,6900984","10,9479217","147,464271","17,4198975","41,9771141","42,7029432","13,3068661","16,3257273","62,8230519","67,9894213","83,4098564","218,7263259","111,8311291"
pH-R1-P3,pH,P3,R1,"63,1","8,142","20,6","2,2","5,2","1,06","15,72","156,52","132,46","290,727","24,115197","71,634298","69,0569964","116,039229","18,807546","3,73753092","24,7050879","1,74555042","3,2539885","35,8645028","45,7475469","7,16381965","4,35378617","8,38469596","0,12612359","5,23171839","4,42683864","0,11270282","0,66361943","0,20684268","8,91116869","20,9268736","40,5681873","20,9781782","1,65999432","31,2178361","23,2840214","9,14113433","171,266913","11,7282478","59,1011704","43,9809293","16,1550865","22,3923749","46,3561446","56,5702103","86,1796249","554,3389902","234,3056616"
pH-R3-P3,pH,P3,R3,"63,5","8,12","20,7","0,5","0,33","0,15","18,2","226,56","131,03","344,072","24,8966595","56,3067394","76,0825525","144,917679","19,0109244","6,09373137","26,1460562","1,66758312","2,1771224","49,1216458","38,6426359","6,70121363","6,32034588","8,06513192","0,20587446","4,9268397","4,86818684","0,11038046","0,64101387","0,19558074","9,73637369","17,2439389","32,2621633","15,5381337","1,41833101","32,4936809","23,3438357","12,1411407","185,694934","13,5488092","52,4943039","55,3682937","14,3112963","25,8506338","50,4989125","54,5067627","86,9821818","261,4341331","186,2518662"
pH-R4-P3,pH,P3,R4,"63,2","7,895","20,3","2,3","1,67","0,78","12,56","113,81","122,08","373,549","21,9351576","38,617469","90,378172","110,396395","22,9475495","7,79826729","45,5142524","2,7985314","3,15265137","27,3115024","32,2888553","5,79379612","2,27226979","4,53962124","0,12295832","6,05324623","4,25969179","0,08350452","5,71256229","0,3000183","10,8173752","13,3956097","34,7054038","53,9714466","2,34658463","19,5049045","15,077067","11,8822982","238,822983","25,7823451","54,1989732","58,6268108","10,4250352","20,1069512","46,3417351","57,0654424","77,3470352","524,5768967","257,9372242"
pH-R5-P3,pH,P3,R5,"64,5","8,148","20,6",1,"0,72","0,56","26,94","197,34","119,36","331,109","55,8708855","51,6742501","128,523354","201,860424","39,4453247","9,69097306","42,0422332","3,1715151","3,45983465","20,6069849","35,1330482","5,24741589","3,01424989","9,60366225","0,20968695","8,00502834","8,24398441","0,13116197","1,10036712","0,24113999","10,8127622","24,2540411","50,040493","26,2399076","2,04830832","28,4955113","17,7424882","11,8283255","239,374243","19,7138758","63,9804877","60,5156247","24,5527362","23,8801074","62,6597691","76,5388059","102,452415","441,554774","171,6697133"
pH-R6-P3,pH,P3,R6,"66,1","8,253","20,6","1,4","2,34","0,47","45,79","340,4","115,87","429,366","25,3566488","53,5601956","108,299047","107,584505","24,8987409","10,4313642","36,1182267","2,72788714","2,17229911","49,3171962","70,5646841","11,2168717","4,74001673","9,14968382","0,21522779","5,64692159","5,19060469","0,08050834","0,4692882","0,25527017","9,12633792","21,4468941","33,884779","16,7988816","1,13227756","23,671439","12,1494374","11,1227243","227,188775","17,6822797","57,7811269","72,6684657","11,6931205","25,1396144","56,1256507","71,91099","81,9088828","201,658966","142,4207664"
C-R1-P4,C,P4,R1,"61,2","7,885","20,4","1,9",0,"1,25","21,16","143,65","108,48","416,122",NA,NA,NA,NA,NA,NA,NA,NA,NA,NA,NA,NA,NA,NA,NA,NA,NA,NA,NA,NA,NA,NA,NA,NA,NA,NA,NA,NA,NA,NA,NA,NA,NA,NA,NA,NA,NA,"268,2379462","132,5523447"
C-R3-P4,C,P4,R3,"62,1","7,995","20,2","1,2","0,21","0,06","2,81","38,14","32,48","304,074",NA,NA,NA,NA,NA,NA,NA,NA,NA,NA,NA,NA,NA,NA,NA,NA,NA,NA,NA,NA,NA,NA,NA,NA,NA,NA,NA,NA,NA,NA,NA,NA,NA,NA,NA,NA,NA,"286,4724276","164,4270031"
C-R4-P4,C,P4,R4,"61,3","7,985","20,3","3,2","0,44","0,08","5,07","157,32","1,1","343,614",NA,NA,NA,NA,NA,NA,NA,NA,NA,NA,NA,NA,NA,NA,NA,NA,NA,NA,NA,NA,NA,NA,NA,NA,NA,NA,NA,NA,NA,NA,NA,NA,NA,NA,NA,NA,NA,"657,421365","230,1612655"
C-R5-P4,C,P4,R5,"64,4","8,167","20,2","5,5","1,55","0,19","14,01","65,51","135,36","339,167",NA,NA,NA,NA,NA,NA,NA,NA,NA,NA,NA,NA,NA,NA,NA,NA,NA,NA,NA,NA,NA,NA,NA,NA,NA,NA,NA,NA,NA,NA,NA,NA,NA,NA,NA,NA,NA,"280,6749816","193,3785384"
C-R6-P4,C,P4,R6,"60,7","8,044","20,3","4,6","3,56","0,44","3,06","39,06","79,73","361,419",NA,NA,NA,NA,NA,NA,NA,NA,NA,NA,NA,NA,NA,NA,NA,NA,NA,NA,NA,NA,NA,NA,NA,NA,NA,NA,NA,NA,NA,NA,NA,NA,NA,NA,NA,NA,NA,"219,2397736","305,1693493"
T°C/pH-R2-P4,T°C/pH,P4,R2,"66,5","7,924","23,9","1,4","0,84","1,61","13,81","135,16","135,25","360,125",NA,NA,NA,NA,NA,NA,NA,NA,NA,NA,NA,NA,NA,NA,NA,NA,NA,NA,NA,NA,NA,NA,NA,NA,NA,NA,NA,NA,NA,NA,NA,NA,NA,NA,NA,NA,NA,"383,79541","260,2277016"
T°C/pH-R3-P4,T°C/pH,P4,R3,"66,8","7,764","23,8","1,1","0,35","0,41","6,42","81,11","94,61","589,601",NA,NA,NA,NA,NA,NA,NA,NA,NA,NA,NA,NA,NA,NA,NA,NA,NA,NA,NA,NA,NA,NA,NA,NA,NA,NA,NA,NA,NA,NA,NA,NA,NA,NA,NA,NA,NA,"105,3085285","177,7350682"
T°C/pH-R4-P4,T°C/pH,P4,R4,"76,8","8,061","24,5","0,8","2,24","0,12","31,1","201,43","130,35","320,763",NA,NA,NA,NA,NA,NA,NA,NA,NA,NA,NA,NA,NA,NA,NA,NA,NA,NA,NA,NA,NA,NA,NA,NA,NA,NA,NA,NA,NA,NA,NA,NA,NA,NA,NA,NA,NA,"161,4554296","555,6769453"
T°C/pH-R5-P4,T°C/pH,P4,R5,"69,8","7,832","24,2","0,8","0,39","0,16",22,"170,61","126,73","303,587",NA,NA,NA,NA,NA,NA,NA,NA,NA,NA,NA,NA,NA,NA,NA,NA,NA,NA,NA,NA,NA,NA,NA,NA,NA,NA,NA,NA,NA,NA,NA,NA,NA,NA,NA,NA,NA,"222,0896024","296,226108"
T°C/pH-R6-P4,T°C/pH,P4,R6,"66,4","7,865","24,4","0,1","0,16","0,09","15,39","103,28","135,38","303,344",NA,NA,NA,NA,NA,NA,NA,NA,NA,NA,NA,NA,NA,NA,NA,NA,NA,NA,NA,NA,NA,NA,NA,NA,NA,NA,NA,NA,NA,NA,NA,NA,NA,NA,NA,NA,NA,"370,3405084","345,0649993"
T°C-R1-P4,T°C,P4,R1,"71,4","7,892","24,2","0,9","0,19","0,44","25,08","193,13","131,05","481,604",NA,NA,NA,NA,NA,NA,NA,NA,NA,NA,NA,NA,NA,NA,NA,NA,NA,NA,NA,NA,NA,NA,NA,NA,NA,NA,NA,NA,NA,NA,NA,NA,NA,NA,NA,NA,NA,"910,1305484","134,5244978"
T°C-R3-P4,T°C,P4,R3,"72,6","7,942",24,"0,9","0,24","0,5","21,76","109,16","132,66","393,995",NA,NA,NA,NA,NA,NA,NA,NA,NA,NA,NA,NA,NA,NA,NA,NA,NA,NA,NA,NA,NA,NA,NA,NA,NA,NA,NA,NA,NA,NA,NA,NA,NA,NA,NA,NA,NA,"139,3822767","103,2699488"
T°C-R4-P4,T°C,P4,R4,"67,3","7,841","24,1","0,3","0,35","0,69","12,54","93,26","125,25","302,931",NA,NA,NA,NA,NA,NA,NA,NA,NA,NA,NA,NA,NA,NA,NA,NA,NA,NA,NA,NA,NA,NA,NA,NA,NA,NA,NA,NA,NA,NA,NA,NA,NA,NA,NA,NA,NA,"486,332444","311,2230098"
T°C-R5-P4,T°C,P4,R5,62,"8,029","24,3","0,6","0,16","0,12","30,7","243,5","129,07","352,402",NA,NA,NA,NA,NA,NA,NA,NA,NA,NA,NA,NA,NA,NA,NA,NA,NA,NA,NA,NA,NA,NA,NA,NA,NA,NA,NA,NA,NA,NA,NA,NA,NA,NA,NA,NA,NA,"498,6567389","202,2677431"
T°C-R6-P4,T°C,P4,R6,"66,8","7,968","24,1","3,5","3,21","0,49","12,31","95,02","131,85","470,65",NA,NA,NA,NA,NA,NA,NA,NA,NA,NA,NA,NA,NA,NA,NA,NA,NA,NA,NA,NA,NA,NA,NA,NA,NA,NA,NA,NA,NA,NA,NA,NA,NA,NA,NA,NA,NA,"507,0157803","427,0387927"
pH-R1-P4,pH,P4,R1,"61,8","8,157","20,6","0,4","1,74","0,91","17,64","241,33","117,45","298,387",NA,NA,NA,NA,NA,NA,NA,NA,NA,NA,NA,NA,NA,NA,NA,NA,NA,NA,NA,NA,NA,NA,NA,NA,NA,NA,NA,NA,NA,NA,NA,NA,NA,NA,NA,NA,NA,"288,2035678","294,2151829"
pH-R3-P4,pH,P4,R3,"60,3","7,814",20,"0,4","0,13","0,15","6,5","133,83","120,4","273,941",NA,NA,NA,NA,NA,NA,NA,NA,NA,NA,NA,NA,NA,NA,NA,NA,NA,NA,NA,NA,NA,NA,NA,NA,NA,NA,NA,NA,NA,NA,NA,NA,NA,NA,NA,NA,NA,"690,4547757","602,9842968"
pH-R4-P4,pH,P4,R4,"60,3","7,891","20,8","2,1","0,28","0,16","1,58","46,88","37,45",NA,NA,NA,NA,NA,NA,NA,NA,NA,NA,NA,NA,NA,NA,NA,NA,NA,NA,NA,NA,NA,NA,NA,NA,NA,NA,NA,NA,NA,NA,NA,NA,NA,NA,NA,NA,NA,NA,"180,1644298","189,4169249"
pH-R5-P4,pH,P4,R5,"60,9","7,996","19,7","2,9","3,1","0,58","3,17","65,09","122,32","235,254",NA,NA,NA,NA,NA,NA,NA,NA,NA,NA,NA,NA,NA,NA,NA,NA,NA,NA,NA,NA,NA,NA,NA,NA,NA,NA,NA,NA,NA,NA,NA,NA,NA,NA,NA,NA,NA,"464,9315211","348,6017059"
pH-R6-P4,pH,P4,R6,"65,7","8,192","19,8","1,3",0,"0,66","36,74","288,43","116,32","213,086",NA,NA,NA,NA,NA,NA,NA,NA,NA,NA,NA,NA,NA,NA,NA,NA,NA,NA,NA,NA,NA,NA,NA,NA,NA,NA,NA,NA,NA,NA,NA,NA,NA,NA,NA,NA,NA,"122,004742","219,8664635"
C-R1-P5,C,P5,R1,59,"7,824","20,2","0,7","2,22","0,11","12,42","110,61","129,93","240,569",NA,NA,NA,NA,NA,NA,NA,NA,NA,NA,NA,NA,NA,NA,NA,NA,NA,NA,NA,NA,NA,NA,NA,NA,NA,NA,NA,NA,NA,NA,NA,NA,NA,NA,NA,NA,NA,"745,7897789","96,42049833"
C-R3-P5,C,P5,R3,"60,6","7,985","19,9","1,3","0,25","0,06","3,04","47,12","2,81","247,437",NA,NA,NA,NA,NA,NA,NA,NA,NA,NA,NA,NA,NA,NA,NA,NA,NA,NA,NA,NA,NA,NA,NA,NA,NA,NA,NA,NA,NA,NA,NA,NA,NA,NA,NA,NA,NA,"331,8772912","263,4083421"
C-R4-P5,C,P5,R4,59,"7,961","19,7","4,1","0,72","0,17","8,05","154,41","0,11","258,197",NA,NA,NA,NA,NA,NA,NA,NA,NA,NA,NA,NA,NA,NA,NA,NA,NA,NA,NA,NA,NA,NA,NA,NA,NA,NA,NA,NA,NA,NA,NA,NA,NA,NA,NA,NA,NA,"800,6676728","736,6995535"
C-R5-P5,C,P5,R5,"59,4","8,045","19,9","3,9","0,51","0,12","7,29","40,74","111,27","348,092",NA,NA,NA,NA,NA,NA,NA,NA,NA,NA,NA,NA,NA,NA,NA,NA,NA,NA,NA,NA,NA,NA,NA,NA,NA,NA,NA,NA,NA,NA,NA,NA,NA,NA,NA,NA,NA,"511,0309415","167,0463915"
C-R6-P5,C,P5,R6,"59,2","7,959","19,8",3,"0,87","0,12","2,05","44,68","44,56","263,793",NA,NA,NA,NA,NA,NA,NA,NA,NA,NA,NA,NA,NA,NA,NA,NA,NA,NA,NA,NA,NA,NA,NA,NA,NA,NA,NA,NA,NA,NA,NA,NA,NA,NA,NA,NA,NA,"716,4646527","277,5554405"
T°C/pH-R2-P5,T°C/pH,P5,R2,"61,2","7,789","23,4","0,7","0,45","0,51","2,4","75,35","100,57","205,81",NA,NA,NA,NA,NA,NA,NA,NA,NA,NA,NA,NA,NA,NA,NA,NA,NA,NA,NA,NA,NA,NA,NA,NA,NA,NA,NA,NA,NA,NA,NA,NA,NA,NA,NA,NA,NA,"280,8694764","120,3991447"
T°C/pH-R3-P5,T°C/pH,P5,R3,69,"7,946","23,3","0,9","0,14","0,11","11,74","213,06","125,8","321,463",NA,NA,NA,NA,NA,NA,NA,NA,NA,NA,NA,NA,NA,NA,NA,NA,NA,NA,NA,NA,NA,NA,NA,NA,NA,NA,NA,NA,NA,NA,NA,NA,NA,NA,NA,NA,NA,"310,8239596","103,3802057"
T°C/pH-R4-P5,T°C/pH,P5,R4,"65,5","7,943","23,6","1,9","0,7","0,21","10,9","119,13","115,48","263,675",NA,NA,NA,NA,NA,NA,NA,NA,NA,NA,NA,NA,NA,NA,NA,NA,NA,NA,NA,NA,NA,NA,NA,NA,NA,NA,NA,NA,NA,NA,NA,NA,NA,NA,NA,NA,NA,"665,0959787","114,3240156"
T°C/pH-R5-P5,T°C/pH,P5,R5,"66,4","7,932","23,2","0,8","0,64","0,43","14,57","132,41","132,92","279,292",NA,NA,NA,NA,NA,NA,NA,NA,NA,NA,NA,NA,NA,NA,NA,NA,NA,NA,NA,NA,NA,NA,NA,NA,NA,NA,NA,NA,NA,NA,NA,NA,NA,NA,NA,NA,NA,"480,4745135","126,5923697"
T°C/pH-R6-P5,T°C/pH,P5,R6,"62,9","7,815","23,9","0,9","0,18","0,37","9,2","118,28","126,52","235,887",NA,NA,NA,NA,NA,NA,NA,NA,NA,NA,NA,NA,NA,NA,NA,NA,NA,NA,NA,NA,NA,NA,NA,NA,NA,NA,NA,NA,NA,NA,NA,NA,NA,NA,NA,NA,NA,"613,8427721","207,182174"
T°C-R1-P5,T°C,P5,R1,"75,6","8,002","23,5","1,1",0,"0,54","27,35","265,27","123,43","289,678",NA,NA,NA,NA,NA,NA,NA,NA,NA,NA,NA,NA,NA,NA,NA,NA,NA,NA,NA,NA,NA,NA,NA,NA,NA,NA,NA,NA,NA,NA,NA,NA,NA,NA,NA,NA,NA,"394,2098526","325,8721927"
T°C-R3-P5,T°C,P5,R3,"80,6","8,044","23,8","1,2","1,47","0,49","13,18","127,05","110,4","334,77",NA,NA,NA,NA,NA,NA,NA,NA,NA,NA,NA,NA,NA,NA,NA,NA,NA,NA,NA,NA,NA,NA,NA,NA,NA,NA,NA,NA,NA,NA,NA,NA,NA,NA,NA,NA,NA,"707,1258979","92,64908192"
T°C-R4-P5,T°C,P5,R4,"75,2","7,891","23,5","2,1","1,73","0,59","12,3","121,74","115,37","418,567",NA,NA,NA,NA,NA,NA,NA,NA,NA,NA,NA,NA,NA,NA,NA,NA,NA,NA,NA,NA,NA,NA,NA,NA,NA,NA,NA,NA,NA,NA,NA,NA,NA,NA,NA,NA,NA,"682,047463","321,8248305"
T°C-R5-P5,T°C,P5,R5,"82,2","7,987","23,8",1,"0,77","0,2","29,03","267,35","128,91","378,183",NA,NA,NA,NA,NA,NA,NA,NA,NA,NA,NA,NA,NA,NA,NA,NA,NA,NA,NA,NA,NA,NA,NA,NA,NA,NA,NA,NA,NA,NA,NA,NA,NA,NA,NA,NA,NA,"259,8563098","575,3257888"
T°C-R6-P5,T°C,P5,R6,"69,6","8,002","23,6","0,9","0,87","0,12","11,72","190,65","131,04","330,742",NA,NA,NA,NA,NA,NA,NA,NA,NA,NA,NA,NA,NA,NA,NA,NA,NA,NA,NA,NA,NA,NA,NA,NA,NA,NA,NA,NA,NA,NA,NA,NA,NA,NA,NA,NA,NA,"353,5823059","190,2423511"
pH-R1-P5,pH,P5,R1,"60,4","7,72","19,9","0,4","0,81","1,18","4,16","127,32","125,96","390,653",NA,NA,NA,NA,NA,NA,NA,NA,NA,NA,NA,NA,NA,NA,NA,NA,NA,NA,NA,NA,NA,NA,NA,NA,NA,NA,NA,NA,NA,NA,NA,NA,NA,NA,NA,NA,NA,"579,7941044","232,1642388"
pH-R3-P5,pH,P5,R3,"59,4","7,764","19,8","1,4","0,58","0,57","1,71","52,08","50,9","405,786",NA,NA,NA,NA,NA,NA,NA,NA,NA,NA,NA,NA,NA,NA,NA,NA,NA,NA,NA,NA,NA,NA,NA,NA,NA,NA,NA,NA,NA,NA,NA,NA,NA,NA,NA,NA,NA,"403,7834036","616,2622061"
pH-R4-P5,pH,P5,R4,"60,5","7,881","19,7","2,8","0,85","0,67","0,14","16,49","6,25","400,179",NA,NA,NA,NA,NA,NA,NA,NA,NA,NA,NA,NA,NA,NA,NA,NA,NA,NA,NA,NA,NA,NA,NA,NA,NA,NA,NA,NA,NA,NA,NA,NA,NA,NA,NA,NA,NA,"199,2143052","376,9213321"
pH-R5-P5,pH,P5,R5,"60,1","7,907","19,6",3,"1,16","1,13","1,59","41,38","102,78","404,072",NA,NA,NA,NA,NA,NA,NA,NA,NA,NA,NA,NA,NA,NA,NA,NA,NA,NA,NA,NA,NA,NA,NA,NA,NA,NA,NA,NA,NA,NA,NA,NA,NA,NA,NA,NA,NA,"377,5743993","377,5743993"
pH-R6-P5,pH,P5,R6,"65,3","7,852","19,5","2,3","0,16","0,43","22,88","207,35","126,49","383,018",NA,NA,NA,NA,NA,NA,NA,NA,NA,NA,NA,NA,NA,NA,NA,NA,NA,NA,NA,NA,NA,NA,NA,NA,NA,NA,NA,NA,NA,NA,NA,NA,NA,NA,NA,NA,NA,"255,0817544","236,3721065"
C-R1-P6,C,P6,R1,60,"7,087","20,1","3,3","0,95","0,51","4,26","42,26","79,18","597,546",NA,NA,NA,NA,NA,NA,NA,NA,NA,NA,NA,NA,NA,NA,NA,NA,NA,NA,NA,NA,NA,NA,NA,NA,NA,NA,NA,NA,NA,NA,NA,NA,NA,NA,NA,NA,NA,"469,2310498","152,4678821"
C-R3-P6,C,P6,R3,"61,4","8,049","19,9","3,3","0,12","0,21","2,14","74,54","11,59","468,187",NA,NA,NA,NA,NA,NA,NA,NA,NA,NA,NA,NA,NA,NA,NA,NA,NA,NA,NA,NA,NA,NA,NA,NA,NA,NA,NA,NA,NA,NA,NA,NA,NA,NA,NA,NA,NA,"472,7197883","85,49381361"
C-R4-P6,C,P6,R4,"60,2","7,873","19,9","2,3","0,49","0,32","6,45","115,96","2,17","424,883",NA,NA,NA,NA,NA,NA,NA,NA,NA,NA,NA,NA,NA,NA,NA,NA,NA,NA,NA,NA,NA,NA,NA,NA,NA,NA,NA,NA,NA,NA,NA,NA,NA,NA,NA,NA,NA,"549,5988354","351,2247391"
C-R5-P6,C,P6,R5,"60,9","7,944","19,9","2,6","0,4","0,16","10,98","130,73","97,41","417,349",NA,NA,NA,NA,NA,NA,NA,NA,NA,NA,NA,NA,NA,NA,NA,NA,NA,NA,NA,NA,NA,NA,NA,NA,NA,NA,NA,NA,NA,NA,NA,NA,NA,NA,NA,NA,NA,"161,7216555","124,3575373"
C-R6-P6,C,P6,R6,"60,5","8,078","20,1","4,9","1,7","0,72","2,09","29,12","31,68","249,445",NA,NA,NA,NA,NA,NA,NA,NA,NA,NA,NA,NA,NA,NA,NA,NA,NA,NA,NA,NA,NA,NA,NA,NA,NA,NA,NA,NA,NA,NA,NA,NA,NA,NA,NA,NA,NA,"393,8372133","233,6718666"
T°C/pH-R2-P6,T°C/pH,P6,R2,"62,5","7,842","23,5","0,6","2,29","0,21","7,56","144,85","117,98","306,302",NA,NA,NA,NA,NA,NA,NA,NA,NA,NA,NA,NA,NA,NA,NA,NA,NA,NA,NA,NA,NA,NA,NA,NA,NA,NA,NA,NA,NA,NA,NA,NA,NA,NA,NA,NA,NA,"489,4852528","523,365109"
T°C/pH-R3-P6,T°C/pH,P6,R3,66,"7,78","23,5","1,1","0,11","0,26","4,99","148,94","83,51","402,786",NA,NA,NA,NA,NA,NA,NA,NA,NA,NA,NA,NA,NA,NA,NA,NA,NA,NA,NA,NA,NA,NA,NA,NA,NA,NA,NA,NA,NA,NA,NA,NA,NA,NA,NA,NA,NA,"197,4623954","246,144254"
T°C/pH-R4-P6,T°C/pH,P6,R4,"66,4","7,819","23,9","2,1","0,43","0,13","7,53","161,54","83,95","199,596",NA,NA,NA,NA,NA,NA,NA,NA,NA,NA,NA,NA,NA,NA,NA,NA,NA,NA,NA,NA,NA,NA,NA,NA,NA,NA,NA,NA,NA,NA,NA,NA,NA,NA,NA,NA,NA,"255,3279306","115,5283423"
T°C/pH-R5-P6,T°C/pH,P6,R5,"64,2","7,705","23,5","1,2","1,91","0,19","6,97","88,95","111,66","266,376",NA,NA,NA,NA,NA,NA,NA,NA,NA,NA,NA,NA,NA,NA,NA,NA,NA,NA,NA,NA,NA,NA,NA,NA,NA,NA,NA,NA,NA,NA,NA,NA,NA,NA,NA,NA,NA,"522,3471908","286,8521409"
T°C/pH-R6-P6,T°C/pH,P6,R6,"65,5","7,725","24,2","0,1","0,09","0,16","12,11","188,69","122,67","298,129",NA,NA,NA,NA,NA,NA,NA,NA,NA,NA,NA,NA,NA,NA,NA,NA,NA,NA,NA,NA,NA,NA,NA,NA,NA,NA,NA,NA,NA,NA,NA,NA,NA,NA,NA,NA,NA,"190,8089503","127,9756991"
T°C-R1-P6,T°C,P6,R1,"75,6","7,904",24,"0,7",0,"0,33","21,4","235,25","121,66","430,216",NA,NA,NA,NA,NA,NA,NA,NA,NA,NA,NA,NA,NA,NA,NA,NA,NA,NA,NA,NA,NA,NA,NA,NA,NA,NA,NA,NA,NA,NA,NA,NA,NA,NA,NA,NA,NA,"728,8795862","384,6895921"
T°C-R3-P6,T°C,P6,R3,"69,2","7,919",24,"1,5",0,"0,11","12,98","164,34","90,86","431,305",NA,NA,NA,NA,NA,NA,NA,NA,NA,NA,NA,NA,NA,NA,NA,NA,NA,NA,NA,NA,NA,NA,NA,NA,NA,NA,NA,NA,NA,NA,NA,NA,NA,NA,NA,NA,NA,"64,22693049","167,5791848"
T°C-R4-P6,T°C,P6,R4,65,"7,902","24,1",1,"1,6","0,13","8,43","204,8","105,12","371,83",NA,NA,NA,NA,NA,NA,NA,NA,NA,NA,NA,NA,NA,NA,NA,NA,NA,NA,NA,NA,NA,NA,NA,NA,NA,NA,NA,NA,NA,NA,NA,NA,NA,NA,NA,NA,NA,"392,212725","241,8888637"
T°C-R5-P6,T°C,P6,R5,74,"7,977","24,3","1,7","0,38","0,17","27,29","271,85","124,05","421,528",NA,NA,NA,NA,NA,NA,NA,NA,NA,NA,NA,NA,NA,NA,NA,NA,NA,NA,NA,NA,NA,NA,NA,NA,NA,NA,NA,NA,NA,NA,NA,NA,NA,NA,NA,NA,NA,"412,5536905","287,6659382"
T°C-R6-P6,T°C,P6,R6,"69,4","7,78","24,2","1,4","0,26","0,17","12,13","139,94","114,18","496,834",NA,NA,NA,NA,NA,NA,NA,NA,NA,NA,NA,NA,NA,NA,NA,NA,NA,NA,NA,NA,NA,NA,NA,NA,NA,NA,NA,NA,NA,NA,NA,NA,NA,NA,NA,NA,NA,"458,9810617","198,4953553"
pH-R1-P6,pH,P6,R1,"60,6","7,799","20,2","2,6",0,"1,69","13,29","263,56","107,3","411,881",NA,NA,NA,NA,NA,NA,NA,NA,NA,NA,NA,NA,NA,NA,NA,NA,NA,NA,NA,NA,NA,NA,NA,NA,NA,NA,NA,NA,NA,NA,NA,NA,NA,NA,NA,NA,NA,"286,055524","231,1706913"
pH-R3-P6,pH,P6,R3,"61,4","7,767","20,3","2,8","0,62","0,48","1,45","45,32","16,55","353,522",NA,NA,NA,NA,NA,NA,NA,NA,NA,NA,NA,NA,NA,NA,NA,NA,NA,NA,NA,NA,NA,NA,NA,NA,NA,NA,NA,NA,NA,NA,NA,NA,NA,NA,NA,NA,NA,"363,1633869","351,3473055"
pH-R4-P6,pH,P6,R4,"61,2","7,953","19,9","5,4","0,17","0,19","0,91","68,02","0,8","364,366",NA,NA,NA,NA,NA,NA,NA,NA,NA,NA,NA,NA,NA,NA,NA,NA,NA,NA,NA,NA,NA,NA,NA,NA,NA,NA,NA,NA,NA,NA,NA,NA,NA,NA,NA,NA,NA,"97,53662842","212,6064624"
pH-R5-P6,pH,P6,R5,"61,8","7,935","19,7","0,8","0,14","0,09","10,19","203,62","121,48","268,707",NA,NA,NA,NA,NA,NA,NA,NA,NA,NA,NA,NA,NA,NA,NA,NA,NA,NA,NA,NA,NA,NA,NA,NA,NA,NA,NA,NA,NA,NA,NA,NA,NA,NA,NA,NA,NA,"542,5586206","436,7713446"
pH-R6-P6,pH,P6,R6,"64,9","7,998","20,2","2,6","0,49","0,35","10,52","169,39","113,75","282,236",NA,NA,NA,NA,NA,NA,NA,NA,NA,NA,NA,NA,NA,NA,NA,NA,NA,NA,NA,NA,NA,NA,NA,NA,NA,NA,NA,NA,NA,NA,NA,NA,NA,NA,NA,NA,NA,"231,1248385","224,5885295"
C-R1-P7,C,P7,R1,"61,8","7,904",20,"2,8","0,39","0,13","6,91","97,94","95,74","564,958",NA,NA,NA,NA,NA,NA,NA,NA,NA,NA,NA,NA,NA,NA,NA,NA,NA,NA,NA,NA,NA,NA,NA,NA,NA,NA,NA,NA,NA,NA,NA,NA,NA,NA,NA,NA,NA,"168,0729001","147,0215687"
C-R3-P7,C,P7,R3,"61,9","7,988",20,"2,6","0,22","0,05","1,69","61,55","1,69","374,515",NA,NA,NA,NA,NA,NA,NA,NA,NA,NA,NA,NA,NA,NA,NA,NA,NA,NA,NA,NA,NA,NA,NA,NA,NA,NA,NA,NA,NA,NA,NA,NA,NA,NA,NA,NA,NA,"272,490405","96,429059"
C-R4-P7,C,P7,R4,"61,9","7,848","19,7",3,"0,22","0,08","4,62","152,4","0,89","245,509",NA,NA,NA,NA,NA,NA,NA,NA,NA,NA,NA,NA,NA,NA,NA,NA,NA,NA,NA,NA,NA,NA,NA,NA,NA,NA,NA,NA,NA,NA,NA,NA,NA,NA,NA,NA,NA,"742,6723532","238,5559444"
C-R5-P7,C,P7,R5,"61,2","8,015","20,1","3,8","0,81","0,34","5,1","97,01","15,4",NA,NA,NA,NA,NA,NA,NA,NA,NA,NA,NA,NA,NA,NA,NA,NA,NA,NA,NA,NA,NA,NA,NA,NA,NA,NA,NA,NA,NA,NA,NA,NA,NA,NA,NA,NA,NA,NA,"211,4014292","224,2639183"
C-R6-P7,C,P7,R6,"61,7","8,054","19,9","3,3","0,96","0,25","3,07","51,44","24,65","438,88",NA,NA,NA,NA,NA,NA,NA,NA,NA,NA,NA,NA,NA,NA,NA,NA,NA,NA,NA,NA,NA,NA,NA,NA,NA,NA,NA,NA,NA,NA,NA,NA,NA,NA,NA,NA,NA,"324,943556","91,64216217"
T°C/pH-R2-P7,T°C/pH,P7,R2,"63,1","7,785","23,5","0,7","0,2","0,04","8,15","172,24","102,53","389,823",NA,NA,NA,NA,NA,NA,NA,NA,NA,NA,NA,NA,NA,NA,NA,NA,NA,NA,NA,NA,NA,NA,NA,NA,NA,NA,NA,NA,NA,NA,NA,NA,NA,NA,NA,NA,NA,"688,0646498","803,0667111"
T°C/pH-R3-P7,T°C/pH,P7,R3,"68,3","7,896","23,7","1,1","0,27","0,18","11,67","238,31","117,47","372,665",NA,NA,NA,NA,NA,NA,NA,NA,NA,NA,NA,NA,NA,NA,NA,NA,NA,NA,NA,NA,NA,NA,NA,NA,NA,NA,NA,NA,NA,NA,NA,NA,NA,NA,NA,NA,NA,"323,3292351","188,929946"
T°C/pH-R4-P7,T°C/pH,P7,R4,"69,3","8,028","23,6","3,7","3,07","0,29","11,82","172,58","82,87","486,92",NA,NA,NA,NA,NA,NA,NA,NA,NA,NA,NA,NA,NA,NA,NA,NA,NA,NA,NA,NA,NA,NA,NA,NA,NA,NA,NA,NA,NA,NA,NA,NA,NA,NA,NA,NA,NA,"506,7601211","386,6312985"
T°C/pH-R5-P7,T°C/pH,P7,R5,"64,6","7,869","23,7","0,5","0,27","0,18","10,29","146,97","118,11","407,295",NA,NA,NA,NA,NA,NA,NA,NA,NA,NA,NA,NA,NA,NA,NA,NA,NA,NA,NA,NA,NA,NA,NA,NA,NA,NA,NA,NA,NA,NA,NA,NA,NA,NA,NA,NA,NA,"654,9924293","87,83791388"
T°C/pH-R6-P7,T°C/pH,P7,R6,"67,4","7,768","24,2","1,2","0,26","0,24","8,78","155,27","93,56","408,408",NA,NA,NA,NA,NA,NA,NA,NA,NA,NA,NA,NA,NA,NA,NA,NA,NA,NA,NA,NA,NA,NA,NA,NA,NA,NA,NA,NA,NA,NA,NA,NA,NA,NA,NA,NA,NA,"153,609084","341,6555902"
T°C-R1-P7,T°C,P7,R1,"67,7","7,956","23,8","2,1","0,12","0,36","12,14","160,68","100,98","418,918",NA,NA,NA,NA,NA,NA,NA,NA,NA,NA,NA,NA,NA,NA,NA,NA,NA,NA,NA,NA,NA,NA,NA,NA,NA,NA,NA,NA,NA,NA,NA,NA,NA,NA,NA,NA,NA,"560,8160936","268,5249583"
T°C-R3-P7,T°C,P7,R3,"63,6","8,048","23,6","3,9","0,52","0,33","10,38","174,11","36,92","364,548",NA,NA,NA,NA,NA,NA,NA,NA,NA,NA,NA,NA,NA,NA,NA,NA,NA,NA,NA,NA,NA,NA,NA,NA,NA,NA,NA,NA,NA,NA,NA,NA,NA,NA,NA,NA,NA,"1109,397763","257,9734547"
T°C-R4-P7,T°C,P7,R4,"65,2","8,11","23,8","6,1","0,72","1,29","2,93","70,41","30,36","428,496",NA,NA,NA,NA,NA,NA,NA,NA,NA,NA,NA,NA,NA,NA,NA,NA,NA,NA,NA,NA,NA,NA,NA,NA,NA,NA,NA,NA,NA,NA,NA,NA,NA,NA,NA,NA,NA,"524,4225378","175,268989"
T°C-R5-P7,T°C,P7,R5,"74,2","7,981","23,9","2,4","0,28","0,32","16,65","217,61","99,47","294,712",NA,NA,NA,NA,NA,NA,NA,NA,NA,NA,NA,NA,NA,NA,NA,NA,NA,NA,NA,NA,NA,NA,NA,NA,NA,NA,NA,NA,NA,NA,NA,NA,NA,NA,NA,NA,NA,"1103,073617","385,3980162"
T°C-R6-P7,T°C,P7,R6,"68,8","7,902","23,7","4,4","0,25","0,46","8,13","122,96","94,12","496,87",NA,NA,NA,NA,NA,NA,NA,NA,NA,NA,NA,NA,NA,NA,NA,NA,NA,NA,NA,NA,NA,NA,NA,NA,NA,NA,NA,NA,NA,NA,NA,NA,NA,NA,NA,NA,NA,"844,0479459","171,5429656"
pH-R1-P7,pH,P7,R1,"61,9","7,753","20,1",2,"0,13","0,05","10,31","211,7","98,77",,NA,NA,NA,NA,NA,NA,NA,NA,NA,NA,NA,NA,NA,NA,NA,NA,NA,NA,NA,NA,NA,NA,NA,NA,NA,NA,NA,NA,NA,NA,NA,NA,NA,NA,NA,NA,NA,"340,146501","461,5463516"
pH-R3-P7,pH,P7,R3,"60,7","7,76","19,9","2,7","0,25","0,11","1,71","44,9","4,94","355,922",NA,NA,NA,NA,NA,NA,NA,NA,NA,NA,NA,NA,NA,NA,NA,NA,NA,NA,NA,NA,NA,NA,NA,NA,NA,NA,NA,NA,NA,NA,NA,NA,NA,NA,NA,NA,NA,"530,4335194","377,2742118"
pH-R4-P7,pH,P7,R4,"61,5","7,727","20,3","2,6","0,33","0,21","2,52","77,86","1,22","350,93",NA,NA,NA,NA,NA,NA,NA,NA,NA,NA,NA,NA,NA,NA,NA,NA,NA,NA,NA,NA,NA,NA,NA,NA,NA,NA,NA,NA,NA,NA,NA,NA,NA,NA,NA,NA,NA,"365,1265038","376,7362268"
pH-R5-P7,pH,P7,R5,"61,9","7,675","19,8","1,5","0,39","0,37","8,15","126,75","93,01","359,928",NA,NA,NA,NA,NA,NA,NA,NA,NA,NA,NA,NA,NA,NA,NA,NA,NA,NA,NA,NA,NA,NA,NA,NA,NA,NA,NA,NA,NA,NA,NA,NA,NA,NA,NA,NA,NA,"728,7471536","481,8471511"
pH-R6-P7,pH,P7,R6,"63,3","7,839","20,2",3,"1,12","1,4","3,37","100,05","24,65","411,551",NA,NA,NA,NA,NA,NA,NA,NA,NA,NA,NA,NA,NA,NA,NA,NA,NA,NA,NA,NA,NA,NA,NA,NA,NA,NA,NA,NA,NA,NA,NA,NA,NA,NA,NA,NA,NA,"370,7990118","193,950779"
C-R1-P8,C,P8,R1,"60,6","7,765","20,8","1,7","0,35","0,19","4,88","85,34","64,75","450,139","26,2450279","81,9407024","102,740603","141,740067","21,7905966","9,40300654","67,9666451","5,14803121","5,09539285","24,4031418","42,2370168","7,83258736","3,0319693","9,01168653","0,66850712","8,33803634","9,41778205","0,62559381","30,495629","0,93696274","10,5575136","16,1361998","36,7662965","200,654386","6,17031721","48,168656","28,9731766","16,3761433","297,289986","68,3838951","104,255447","82,4205894","13,0169344","38,1201206","182,402728","97,9646111","114,513031","343,7398567","138,950568"
C-R3-P8,C,P8,R3,"61,1","8,08","20,5","3,8","0,29","0,21","1,1","50,32","0,87","366,3","30,8579881","65,6570564","111,830621","106,432928","20,4607921","10,5367201","99,9970847","8,56687233","6,11641623","4,16188576","9,86989264","1,58987926","0,94323112","6,17476042","1,82811805","8,255613","6,31637505","1,86819985","53,4778422","2,79565925","7,03666343","17,0098872","41,7094887","263,087716","7,6390626","13,2976317","16,6220396","7,97857901","290,774879","91,3104042","84,6615883","117,628634","11,4692073","19,8767189","128,157511","213,34345","75,8519074","177,3509015","62,74137213"
C-R4-P8,C,P8,R4,"61,5","7,987","20,1","3,8","0,16","0,19","7,38","162,89","2,05","419,637","21,6539376","98,4773485","79,8215656","132,826758","16,4794902","7,4577316","51,8785751","4,88390454","3,76252464","48,5341087","48,0521121","9,8317474","4,8937412","7,39717263","0,36395663","6,72582915","5,82905193","3,66101413","11,5627767","0,64430161","8,51938359","19,448856","41,3998472","71,530373","2,8320849","26,1746851","26,7912194","13,6758526","176,496967","65,2405428","76,1139665","81,214387","8,74357789","46,5332298","93,2579545","110,109494","87,0434389","398,3905633","137,3622974"
C-R5-P8,C,P8,R5,"61,1","7,99","20,3","3,7","0,65","0,59","6,37","144,01","14,95","457,135","21,0224609","42,0696217","74,432822","108,562192","22,0507335","6,67543432","49,4253107","3,74661239","3,90147237","2,64261061","8,80703686","0,94414632","0,94414632","8,31248402","0,70436313","4,38343826","9,05151537","2,20963829","19,853212","0,78429086","4,15572718","12,2394705","29,2555466","124,676152","4,62296212","9,05151537","13,833448","3,9280161","167,652281","49,2425207","31,13949","109,699812","5,92048804","16,7268807","57,9605866","91,9978438","57,5539751","227,5938545","137,0483154"
C-R6-P8,C,P8,R6,"60,3","8,15","20,2","4,4","2,37","1,3","1,29","31,43","8,99","454,789","22,9235695","57,8975275","125,597746","102,992183","16,8821361","10,2898534","116,497863","10,9906439","6,76917015","1,70833908","4,02891528","0,73567203","0,26661939","3,00193687","0,49867701","9,34012592","5,17645533","1,10300243","54,306956","4,29059728","8,55240446","20,480758","66,7617773","240,583966","7,33103838","23,8004413","22,1124668","17,386138","235,022325","79,784931","81,0227791","50,6955027","8,49613864","14,4177751","144,946699","157,442104","106,679992","455,7200468","109,3595262"
T°C/pH-R2-P8,T°C/pH,P8,R2,"64,1","7,822","24,6","2,9","0,31","0,28","7,68","125,07","91,14","454,271","10,8693681","50,3055373","64,5546958","84,3246615","11,0934788","5,56330536","21,2732652","1,77358867","1,74419217","134,86133","108,463276","23,9777429","13,737963","12,7923757","0,3331603","4,29914137","6,02996452","0,25392813","6,10195892","0,44094746","7,92828668","10,6641039","24,6566242","44,8368057","2,88164639","23,22653","12,5624261","9,04494678","151,419109","18,4807246","41,4280896","83,6378412","6,47662856","121,131492","41,966816","49,7879045","63,0354624","597,0947624","717,2136249"
T°C/pH-R3-P8,T°C/pH,P8,R3,"69,9","7,92","24,3","2,1","0,11","0,12",12,231,"101,98","473,901","21,6273684","54,0883661","103,49374","73,554519","17,9334377","10,0283234","79,2182498","8,03384026","4,27742079","1,41712357","3,6470092","0,45327114","0,2761307","3,26667824","1,187883","7,06532993","5,99662456","0,65644209","20,7058039","0,28134071","6,05599709","53,613386","67,6487517","137,359014","6,70723421","12,3494843","21,2553623","12,3494843","162,799451","31,3486908","65,7253801","115,538925","8,72776051","10,1425657","125,362112","246,667198","71,6032597","602,6420009","144,7151229"
T°C/pH-R4-P8,T°C/pH,P8,R4,"63,8","7,947","24,6","4,7","0,3","0,27","6,41","125,69","38,09","464,281","13,5326719","43,80051","69,3401255","52,7471989","15,3780363","7,00849901","42,7582678","3,39366856","1,68705426","6,18097559","11,90229","2,24451566","0,87531221","3,78486955","1,54035389","4,29088966","3,00919535","0,55494783","8,69057704","0,14181036","5,07105141","27,9186457","45,2776064","64,2198354","4,14321519","18,8353338","18,779608","14,6558958","120,42354","18,6124305","38,5622811","143,884118","4,45806718","14,850585","93,8633132","98,0519397","67,9855245","530,3178965","59,83314296"
T°C/pH-R5-P8,T°C/pH,P8,R5,"62,6","7,948","24,2","3,9","0,72","0,45","2,99","64,09","49,8","434,645","12,7641821","30,5161924","69,2767341","69,4733887","14,3668597","5,26766563","30,9327385","2,91308314","2,56771762","18,6197067","25,8373457","5,25055707","2,34748453","5,35566832","0,32033904","4,39205012","5,81804042","0,35781486","3,78232283","0,12513244","6,55955538","22,3024883","38,9047462","36,3358162","2,57335809","13,4613484","13,7465465","7,70034762","138,606257","17,340042","35,4786387","88,9247551","5,2476443","31,7655593","60,4130268","59,6335039","58,2374438","386,339224","102,4447057"
T°C/pH-R6-P8,T°C/pH,P8,R6,"65,1","7,912","24,7","4,6","0,47","0,48","3,59","78,29","15,98","305,834","17,14469","52,0634445","122,320961","63,8744768","26,180405","9,8544123","74,0706015","7,62282927","3,66706205","15,0278634","21,6579521","4,53824254","1,9652211","5,66773817","0,56728032","10,5627609","9,3506408","0,32587472","32,6041185","2,63886648","10,1587209","22,857122","53,6105343","190,470941","10,0204006","24,4155621","23,030282","14,3722812","247,099341","49,7546443","68,3404859","89,9277677","7,50360065","30,9612404","95,4473907","86,3759445","85,3101673","146,0958921","66,71887375"
T°C-R1-P8,T°C,P8,R1,"64,4","7,83","24,6","1,7","0,3","0,33","8,17","153,32","80,08","471,867","16,4523607","43,2081771","82,3188273","74,8841397","25,7068136","5,1189859","47,7368373","2,20300809","2,09810294","4,04634138","10,2407405","1,99819328","0,90917794","5,41010829","1,73842815","6,83133235","16,6798365","1,65611274","6,64103923","0,20481481","5,18042703","16,565981","43,5701871","86,130921","4,25312515","11,8409761","17,4198975","4,32651049","150,289312","30,5702123","40,4756442","133,609475","7,34368228","12,8369084","75,6599603","104,445755","74,6323059","243,8249063","126,0669414"
T°C-R3-P8,T°C,P8,R3,"77,1","7,917","24,6","1,9","0,14","0,08","8,12","192,57","2,64","434,556","6,12747065","23,8486692","44,8343613","33,4775876","13,6422932","3,39495164","30,9565336","1,3395626","1,4912112","8,83100329","15,4327722","3,35648894","1,35472746","4,33714987","0,68747364","4,43562205","3,34111791","1,24219084","7,3567402","0,29318729","5,12688782","9,33208795","18,558974","76,8231126","2,88996283","7,31589611","6,73984129","4,78125493","141,24864","28,5147132","25,7496501","64,287717","4,83886042","11,6120303","65,7359001","49,006704","50,9232453","366,2191472","83,13359166"
T°C-R4-P8,T°C,P8,R4,"65,2","7,751","24,5","2,2","0,42","0,52","2,59","119,27","23,71","460,936","10,8393691","49,7221484","66,9824316","45,9426972","18,1229662","5,41693071","47,7091262","1,94587837","1,62490874","14,9501635","21,1438743","4,54874145","2,40727221","6,38930167","1,700136","5,71518947","7,14398683","0,63189012","22,6684292","1,44937848","5,65803757","21,71772","27,304895","138,78108","4,57928059","14,6880369","15,0309483","5,82949326","172,998785","31,6049978","39,2061997","80,0126525","6,57246789","14,840091","59,1650996","75,5673055","64,1815777","318,9039241","188,7702302"
T°C-R5-P8,T°C,P8,R5,"65,4","7,986","24,5","3,6","0,15","0,43","9,79","158,18","74,04","426,073","13,3134604","90,8476212","88,3071846","53,208562","21,313477","7,08481711","59,5471833","3,26293087","1,97342059","2,20313093","7,34550998","1,09112408","0,77788272","5,65400662","0,99193099","7,19879644","9,28109293","0,89104515","6,86737318","0,28713792","6,78233714","50,4510693","94,6218272","67,4674587","2,83440628","11,9583313","21,5368951","11,1849069","87,8729119","19,6330812","79,4842318","90,5501502","8,50766852","14,4319565","64,6389037","120,130793","87,5159468","586,7644876","184,0674805"
T°C-R6-P8,T°C,P8,R6,"64,7","7,885","24,5","2,2","0,23","0,29","5,17","119,36","70,55","350,414","12,9040108","38,6918327","77,7121213","54,8925733","22,8257613","6,31975249","37,7239616","2,26183285","1,34406032","11,4495885","20,1859805","4,47852935","1,6499845","5,94295328","0,53160595","7,5440501","9,48721452","0,49744541","9,05333549","0,566712","6,11525273","17,5456317","39,4304241","87,2332325","3,21787285","17,8313911","11,6589865","5,60088568","169,912583","20,4032264","43,4925919","105,845309","8,91569557","17,1832633","55,4550769","112,277004","78,5838552","566,5964483","162,5161929"
pH-R1-P8,pH,P8,R1,"61,8","7,777","20,7","2,4","0,44","0,32","6,14","148,95","60,9","414,062","15,6195773","38,1957195","48,4925411","42,4497122","15,8965201","2,95113667","15,3297703","0,73137293","0,93480116","32,5194559","31,9091712","6,69860106","3,40015759","4,51416933","0,1162447","4,13970948","4,85725912","0,1385002","1,22002682","0,07749647","6,29235841","11,9223633","25,8500364","18,3477105","1,015997","19,3738404","11,8671672","5,24363201","128,220602","7,23069256","33,0624797","31,5721843","10,8736369","16,2180782","27,3444342","36,0192203","71,5341798","245,4732549","298,1475143"
pH-R3-P8,pH,P8,R3,"60,8","7,689","20,3","2,2","0,26","0,09","2,64","52,67","1,52","329,725","14,6236564","39,4986048","54,6968952","55,0205388","15,6399723","5,02527725","23,753813","0,83441995","0,95291746","49,6109568","38,4080048","8,69969206","5,51013413","5,53482111","0,14812189","4,55753132","5,00765787","0,30442867","7,18565322","0,261682","6,97696153","12,1534169","24,6709084","54,1400231","1,6855296","22,9001882","13,1099358","5,90791097","155,518723","21,2684795","37,1354404","39,2172757","9,45265756","20,5693591","53,8263602","42,8688512","76,9153743","218,6552427","124,8162033"
pH-R4-P8,pH,P8,R4,"61,8","7,993",20,5,"0,25","0,22","0,83","30,18","2,35","318,409","9,90338907","30,2380961","138,607986","57,3059347","23,3766044","10,9812665","167,92139","6,07721262","4,10853811","10,9359617","14,4654779","3,15692818","1,34433784","2,93035439","0,43300769","10,0411135","6,7132016","0,28344983","138,661915","22,3603159","8,54929093","9,52471339","34,1758506","566,699629","11,7833762","16,8690707","8,26240198","5,73777915","339,504392","175,403909","60,0171699","42,115299","11,819825","17,0551451","97,6260032","48,8130016","84,4601091","164,673626","204,661277"
pH-R5-P8,pH,P8,R5,"61,4","7,675","20,2","1,9","0,2","1,03","4,15","107,88","35,82","362,361","31,7829696","8,74294098","70,7928551","144,662543","28,361886","4,81084056","20,4153477","0,97468689","1,49098143","16,77716","28,4155005","5,87707244","2,08930408","5,06644176","0,12062957","2,63937841","10,1726043","0,09485821","2,56585607","0,49699381","4,67389927","10,5025266","34,0481045","32,7261356","1,28999322","11,8772028","8,24805753","3,40919711","133,783493","21,0600402","21,7198848","26,5587452","20,3452086","19,1625338","29,1195366","34,7555759","63,510043","153,2126554","206,4834078"
pH-R6-P8,pH,P8,R6,"62,8","7,975","19,9","4,7","0,17","0,11","3,23","103,11","1,96","384,642","9,33650297","8,91172362","67,8347093","70,996975","17,0981741","5,0399282","26,3376725","1,13613489","1,29843988","50,7227669","68,4287652","14,0565953","5,12490285","7,7070276","0,23607998","3,08267169","6,10929481","0,3691779","5,02430178","0,59019994","5,60485762","9,64035511","23,4305518","46,3652757","1,7397093","16,8145729","7,7907521","3,97944891","171,004206","21,0182161","31,6674456","40,2428777","11,0976181","22,2133937","39,4479232","39,0649337","66,7538543","466,0857971","115,636057"
C-R1-P8bis,C,P8,R1,"60,5","7,641","20,8","1,9","0,48","0,36","5,06","80,88","71,22","512,984","16,3950173","46,695923","58,9221264","73,9508561","11,4100458","6,00288026","40,9278228","2,96423995","3,17251171","16,598775","29,0902371","5,5167799","2,06818702","6,28690107","0,3971694","4,41569011","7,17549643","0,35490676","20,4015596","0,6441894","6,23716229","12,9158936","22,9007034","117,477143","4,44249668","22,4648235","16,8348186","11,3152059","149,967875","39,0788575","63,5307415","56,6864218","6,45794679","29,7960042","110,886395","63,7408191","63,3651531",,
C-R3-P8bis,C,P8,R3,"60,8","7,935","20,5","1,9","0,38","0,17","1,01","74,65","1,84","505,613","9,63266809","16,4894229","41,9346562","35,4541767","10,8736867","3,32757937","20,7174746","1,36945143","1,50898044","1,17307726","2,6820577","0,41858704","0,20670965","1,5916643","0,37724511","2,88564901","4,00457414","0,38789888","6,9423568","0,3514064","2,12006866","6,18353359","17,2145893","43,5940014","1,70039986","4,00457414","5,88907961","3,0623214","79,6203564","17,3138941","28,3264729","32,0365931","2,82675821","7,24339661","32,7964902","53,3194472","29,6220705",,
C-R4-P8bis,C,P8,R4,"61,7","7,879","20,3","2,8","1,06","0,97","7,6","144,06","0,97","373,461","12,8417597","75,6553477","66,1747466","75,3342062","13,2377611","4,58975986","38,9822288","3,47278231","3,13638744","34,6288835","34,1045032","7,10386809","3,5074112","5,00140017","0,17314442","4,79188119","7,0468841","2,59045797","8,23801064","0,44028152","8,17438556","12,2897659","31,7180469","60,5323778","3,438646","20,3514013","20,125901","10,5421386","144,602062","46,1711846","56,3186977","59,588452","3,26975422","39,2924964","63,5613913","67,9914276","70,1869656",,
C-R5-P8bis,C,P8,R5,"60,8","7,917","20,4","2,9","0,45","0,34","6,97","189,49","12,39",NA,"12,5986546","33,5170486","47,7090501","53,8328711","11,0238228","4,29074969","29,8936272","2,37555478","1,79027316","3,39856801","6,57581104","0,87546325","0,67872994","4,34288792","0,75250493","3,64315746","6,05324623","2,03926837","8,74090857","0,3737933","5,38066332","14,0121441","29,1560626","60,1008875","3,51987695","11,4339096","13,3956097","7,95889783","104,69874","32,4521256","31,7234942","82,3353585","2,85847739","12,0641707","56,490958","87,5131113","49,0425042",,
C-R6-P8bis,C,P8,R6,"60,5","7,991","20,3","3,2","0,48","0,47","3,24","85,49","19,84","461,063","14,1047438","58,9880127","86,2387715","78,7825865","13,8157121","7,10489879","58,2684458","6,32374649","3,52835735","2,10286054","4,12989679","0,63692411","0,32351701","2,49714689","0,23252785","6,27899744","5,29970427","1,00278678","22,3531721","0,67736373","9,85053728","21,1988171","48,1628009","130,214656","6,98580943","31,7406201","25,8072556","18,1457266","168,496032","44,9322753","76,6152899","45,853963","6,04857552","11,2184021","129,110031","106,279599","105,533241",,
Pinsitu-C1,Insitu,Pinsitu,C1,,,,,"0,56","0,06","0,28","4,71","2,13",NA,NA,NA,NA,NA,NA,NA,NA,NA,NA,NA,NA,NA,NA,NA,NA,NA,NA,NA,NA,NA,NA,NA,NA,NA,NA,NA,NA,NA,NA,NA,NA,NA,NA,NA,NA,NA,NA,,
Pinsitu-C2,Insitu,Pinsitu,C2,,,,,"0,15","0,04","0,39","4,72","1,13",NA,NA,NA,NA,NA,NA,NA,NA,NA,NA,NA,NA,NA,NA,NA,NA,NA,NA,NA,NA,NA,NA,NA,NA,NA,NA,NA,NA,NA,NA,NA,NA,NA,NA,NA,NA,NA,NA,,
Pinsitu-C3,Insitu,Pinsitu,C3,,,,,"0,12","0,04","0,62","4,67",1,NA,NA,NA,NA,NA,NA,NA,NA,NA,NA,NA,NA,NA,NA,NA,NA,NA,NA,NA,NA,NA,NA,NA,NA,NA,NA,NA,NA,NA,NA,NA,NA,NA,NA,NA,NA,NA,NA,,
